{
    "__author": "monika",  #创作者的名字
    "version": 3,   #版本，嗯...一般写3（0.11之后）
    "type": 0,   #类型，0是acs，1是头发（hair），2是衣服（clothes）（你要做什么类型的精灵包就把前缀改成对应类型）
    "name": "strange_photoframe",     #此精灵包名称，只要记住这个和下面那个名字要一样就行了
    "img_sit": "strange_photoframe",    #和a文件夹里的资源名称相对应，总之就是一句话，名字要一样
    "pose_map": {
        "default": "0",     #默认坐姿时的物品状态（其实就是角度）
        "l_default": "0",   #向左倾斜的时物品状态，桌面饰品为0，饰品则应改为5
    },
    "rec_layer": 2, #图层，根据自己需求选择，0至11，数字越大图层越靠前
    "priority": 7,    #渲染优先级...最低级的最先被渲染，默认为10（官方是这样说的）
    "acs_type": "table_acs",    #分类，你写哪个分类这个东西就会在哪个分类出现.这里写的是放在右桌饰品，左边就在前面加个l就行...分类挺多的，左发卡右发卡，衣服，帽子，项链...很多.，可以去研究一下其他的精灵包（）
    "stay_on_start": true,  #这个选true就行，false会在下次启动mas时把此精灵包从monika身上移除.
    "keep_on_desk": true,   #因为这个是桌面饰品，所以选true，
    "select_info": {
        "display_name": "it is a...strange photoframe？",    #你在右边选择栏看到文字
        "thumb": "strange_photoframe",  #缩略图名称，和thumbs文件夹里的资源名称要一致（类型前缀-资源名称）
        "group": "table_acs",    #精灵包选择页面分类，通常和acs_type一致
        "select_dlg": [
            "嘿嘿，被你发现了～" #这里就是monika选择该物品时对话框出现的内容.可以放很多句，选择时会随机触发
        ]
    },
    "dlg_desc": "相框",   #monika收到礼物的反应，即“谢谢你送得这个‘相框’”
    "dlg_plural": false,    #不清楚，但绑定dlg_desc
    "giftname": "strange photoframe"    #这里是礼物名字，和char文件夹的名称要一致
}
#基本格式就acs-资源名称-0或5            资源名称一定要一样！！！a文件夹里的，thumbs里的，json文件里的         
#                  这个0就是上面pose_map里的默认坐姿，5是左倾斜坐姿，除了桌面饰品a文件夹里是1张图（一张-0后缀），其他饰品皆为2张图（-0一张，-5一张）
      https://github.com/Monika-After-Story/MonikaModDev/wiki/Adding-Sprite-Objects
      这是官方教程