{
    "__author": "monika",
    "version": 3,
    "type": 0,
    "name": "strange_photoframe",
    "img_sit": "strange_photoframe",
    "pose_map": {
        "default": "0",
        "l_default": "0"
    },
    "rec_layer": 2,
    "priority": 7,
    "acs_type": "table_acs",
    "stay_on_start": true,
    "keep_on_desk": true,
    "select_info": {
        "display_name": "it is a...strange photoframe？",
        "thumb": "strange_photoframe",
        "group": "table_acs",
        "select_dlg": [
            "嘿嘿，被你发现了～"
        ]
    },
    "dlg_desc": "相框",
    "dlg_plural": false,
    "giftname": "strange photoframe"
}